{
  "name": "engine.io",
  "version": "0.4.0",
  "dependencies": {
    "component/emitter": "0.0.6",
    "visionmedia/debug": "*"
  },
  "main": "lib/index.js",
  "scripts": [
    "lib/index.js",
    "lib/parser.js",
    "lib/socket.js",
    "lib/transport.js",
    "lib/emitter.js",
    "lib/util.js",
    "lib/transports/index.js",
    "lib/transports/polling.js",
    "lib/transports/polling-xhr.js",
    "lib/transports/polling-jsonp.js",
    "lib/transports/websocket.js",
    "lib/transports/flashsocket.js"
  ],
  "repo": "https://raw.github.com/learnboost/engine.io-client"
}